{"cameraMode":{"drawMode":0,"name":"Shaded","section":"Shading Mode"},"sceneLighting":false,"audioPlay":false,"sceneViewState":{"showFog":true,"showMaterialUpdate":false,"showSkybox":false,"showFlares":true,"showImageEffects":true,"showParticleSystems":true},"in2DMode":false,"pivot":{"x":2.450000047683716,"y":0.8299999833106995,"z":-0.20999997854232789},"rotation":{"x":0.20493358373641969,"y":0.005872189532965422,"z":-0.0012308040168136359,"w":0.9787647128105164},"size":0.5793315768241882,"orthographic":true}