{"cameraMode":{"drawMode":0,"name":"Shaded","section":"Shading Mode"},"sceneLighting":false,"audioPlay":false,"sceneViewState":{"showFog":true,"showMaterialUpdate":false,"showSkybox":false,"showFlares":true,"showImageEffects":true,"showParticleSystems":true},"in2DMode":false,"pivot":{"x":-1.100000023841858,"y":1.7400000095367432,"z":-3.7699999809265138},"rotation":{"x":0.1678789108991623,"y":-0.05025329068303108,"z":0.008568091318011284,"w":0.9844958186149597},"size":1.594416856765747,"orthographic":true}