{"cameraMode":{"drawMode":0,"name":"Shaded","section":"Shading Mode"},"sceneLighting":true,"audioPlay":false,"sceneViewState":{"showFog":true,"showMaterialUpdate":false,"showSkybox":true,"showFlares":true,"showImageEffects":true,"showParticleSystems":true},"in2DMode":false,"pivot":{"x":1.0846134424209595,"y":3.2879347801208498,"z":-2.336972713470459},"rotation":{"x":0.5529488921165466,"y":0.0012497822754085065,"z":-0.0008295114967040718,"w":0.833216667175293},"size":2.7644994258880617,"orthographic":false}